{
	"id": "216f378b-a13e-414f-bb3e-e679fbc61b6f",
	"name": "Idemo Environment",
	"values": [
		{
			"key": "host",
			"value": "https://idemo.insillion.com/api/",
			"type": "default",
			"enabled": true
		},
		{
			"key": "user_name",
			"value": "cpiagent@insillion.com",
			"type": "default",
			"enabled": true
		},
		{
			"key": "password",
			"value": "test",
			"type": "default",
			"enabled": true
		},
		{
			"key": "token",
			"value": "",
			"type": "any",
			"enabled": true
		},
		{
			"key": "quote_id",
			"value": "",
			"type": "any",
			"enabled": true
		},
		{
			"key": "policy_id",
			"value": "",
			"type": "any",
			"enabled": true
		},
		{
			"key": "premium",
			"value": "",
			"type": "any",
			"enabled": true
		},
		{
			"key": "first_name",
			"value": "",
			"type": "any",
			"enabled": true
		},
		{
			"key": "last_name",
			"value": "",
			"type": "any",
			"enabled": true
		},
		{
			"key": "payment_id",
			"value": "",
			"type": "any",
			"enabled": true
		},
		{
			"key": "total_amount",
			"value": "",
			"type": "any",
			"enabled": true
		},
		{
			"key": "document_id",
			"value": "",
			"type": "any",
			"enabled": true
		},
		{
			"key": "doc_id",
			"value": "",
			"type": "any",
			"enabled": true
		},
		{
			"key": "endorsement_id",
			"value": "",
			"type": "any",
			"enabled": true
		},
		{
			"key": "endorsement_amt",
			"value": "",
			"type": "any",
			"enabled": true
		}
	],
	"_postman_variable_scope": "environment",
	"_postman_exported_at": "2025-09-25T09:54:13.895Z",
	"_postman_exported_using": "Postman/11.64.2"
}